ID,Question,Answer
1,What is FiveX Growth Realty?,"It's a real estate consultancy that helps people seeking homes and investors comparing properties, project detailed information, scheduling site visits and making a buyer informed before buying property."
2,Why should I choose FiveX Growth Realty over other real estate consultants?,"Choosing FiveX Growth Realty is better option as it offers: 
Verified property lisitings
Expert projects comparisons
RERA-based guidance
Free site visit assistance
Personalized support from property selection to booking"
3,Which cities does FiveX Growth Realty serve?,"FiveX Growth Realty majorly covers estate markets, including 
Noida
      2.  Greater Noida
      3.  Ghaziabad
      4. Delhi NCR 
and connecting locations offers expert assistance for commercial and residential properties."
4,Does FiveX Growth Realty deal in both residential and commercial properties?,"Yes, FiveX Growth Realty deals in both residential and commercial properties by offering: 
Project comparisons 
Investment guidance
Site visit assistance
End to end property buying support"
5,Are all properties listed by FiveX Growth Realty RERA-approved?,"FiveX Growth Realty works on property approved by RERA, which encourages buyers to verify the projects before making a purchase."
6,Does FiveX Growth Realty charge buyers any consultation fee?,"No, FiveX Growth Realty does not charge for property consultation, project comparisons and site visit assitance."
7,Can FiveX Growth Realty help with site visits?,"Yes, we arrange site visits too at your convenient date and time, which helps you to compare similar projects, inspect amenities, proper detailed understanding of floor plans and making an informed decision."
8,Does FiveX Growth Realty assist with home loans?,"Yes, FiveX Growth Realty helps people to buy homes with home loans by connecting them with trusted banking partners and financial experts. Our dedicated team helps to compare loan options, understanding eligibility, and full documentation process."
9,Can FiveX Growth Realty help NRIs buy property in India?,"Yes, FiveX Growth Realty helps NRIs in buying property in all over India by providing verified projects 
recommendations, property visit, legal guidance, documentation support."
10,How can I contact FiveX Growth Realty?,"You can contact FiveX Growth Realty by giving a missed call on +91-8279319964, our support team will contact you for further detailed information."
11,How do I buy property in Noida?,"For buying property in noida require steps to follow 
Decide your budget 
Choosing location
Comparing RERA approved projects 
Verify Documents 
Arrange finances 
Full and Final registration"
12,What documents should I check before buying a property?,"Documents to check before buying property : 
a. Title Deed     b. Sale Agreement   c. Approved building plan   d. Occupancy certificate 
      e. Property tax records    f. Builder approvals"
13,What is the difference between an apartment and a flat?,"Apartment: A home within a well planned residential development. 
Flat: Refers to the border term for individual housing units."
14,How do I choose the right property?,"Keep these points in mind before a property 
1. Property location 
2. Budget 
3. Carpet area
4. Builder reputation 
5. RERA Registration 
6. Future potential"
15,Is buying property in Noida a good investment?,"Yes, its offer strong investment potential due 
 Infrastructure Growth       Seamless Metro Connectivity
 IT & Corporate Hubs        Strong Appreciation Potential    High Residential Demand"
16,Can I buy property without taking a home loan?,"Yes, you can purchase a property without a home loan if you have sufficient funds to cover 1. property's cost
2. Taxes
3. registration charges
4. and other applicable expenses."
17,How long does the buying process take?,"The buying process hardly takes 2-8 weeks on the basis of documentation, verification and payment process."
18,What mistakes should first-time buyers avoid?,"Buyers should avoid skipping these below points: 
1. RERA verification 
2. Carpet area measurement
3. Hidden costs
4. Comparing projects 
5. Checking builder creadibility."
19,Which sector in Noida offers the highest appreciation?,"These are the areas are in high demand: 
. Sector 150 
. Sector 143 
. Sector 137"
20,"Which property gives better returns, residential or commercial?","Both property is better for returns 
. Residential: Provides stable appreciation 
. Commercial: Offers higher rental yields and better income but ask for larger investment."
21,What is rental yield in real estate?,"Rental yield is annual income earned from property, known as percentage of total market value. This helps in comparing rental income to investment opportunities."
22,Which areas are best for long-term investment?,"For long term investment 
1. Noida, 
2. Greater Noida, 
3. Yamuna Expressway 
4. Gurgaon"
23,How do I evaluate ROI before investing?,"Evaluate ROI by calculating property’s purchase price, expected rental income, maintenance costs and future infrastructure developments. This can help in estimating overall return on your investment."
24,What affects property appreciation?,"Property inflation is affected by 
1. location
2. Infrastructure development
3. Metro connectivity 
4. Upcoming government projects"
25,Should I invest in under-construction projects?,"Yes, under-construction projects offer lower price range and long term potential. Try to verify projects by RERA registration on priority basis."
26,How can I maximize returns on my investment?,"You can maximize your return investment by
1. Invest in high growth locations
2. Choose RERA approved projects
3. Select reputed builders
4. Hold the property for long-term appreciation"
27,Is commercial property a good investment?,"Yes, as per FiveX Growth Realty research team commercial properties offer high rental income, along with better ROI as compared to residential properties."
28,Which commercial property offers the highest ROI?,"Rental shops and office spaces generally offer the highest ROI, depending on location, occupancy, tenant demand, and market growth."
29,Should I invest in office space or retail shops?,"Retail shops are in high demand, while office space provides stable long term leases. According to the commercial hub research team, retail commercial properties have given stronger rental ROI than office spaces."
30,Which sectors are best for commercial property in Noida?,"These are the top commercial investment property in Noida 
1. Sector 62
2. Sector 18 
3. Sector 90 
4. Sector 132
5. Sector 140A"
31,What is a pre-leased commercial property?,"If a property already has a tenant, after purchasing it you start receiving rental income immediately without waiting for a new tenant which reduces the risk of vacancy."
32,What is the average rental yield?,"The average rental yield for commercial properties is typically 6%–10% per year, while residential properties generally offer 2%–4%. The actual yield depends on the property's location, occupancy, and demand."
33,Is Noida Expressway good for commercial investment?,"Yes, Noida Expressway is the most preferred commercial investment due to its metro connectivity, IT parks, Corporate Offices and also upcoming development infrastructure. 
Growth depends on 
1. Corporate Offices
2. Metro connectivity 
3. Expressway  Connectivity 
4. Rise in Demand"
34,What should I check before buying commercial property?,"Before buying a property verify the following: 
1. RERA Registration 
2. Lease Terma
3. Location and Footfall 
4. Legally Approved"
35,How do I choose the right commercial project?,"For choosing right commercial Project keep in mind the followings: 
 Rental Yield
 Builder Reputation
Future appreciation"
36,Who is eligible for a home loan?,"Home loans are available to individuals who meet the lender's eligibility criteria. 
Banks generally evaluate the biases:
1. Age 
2. Monthly income
3. Employment stability 
4. Credit score
5. Repayment capacity
6. Existing financial obligations"
37,How much home loan can I get?,"Most banks finance 75%–90% of the property's value, it depends on your income, credit score, repayment capacity, and lender policies."
38,What documents are required?,"Basic documents required for applying loan are: 
Aadhaar/PAN
 Income Proof
Bank Statements
 Property Documents
Salary Slips / ITR"
39,Can I get a home loan for an under-construction property?,"Yes, Mostly banks offer finance for under-construction properties, the borrower meets the lender requirements. Given documents need to be verfiy 
RERA Registration 
Builder Reputation 
Project Approvals 
Loan Eligibility"
40,What is EMI?,"EMI (Equated Monthly Installment) is the fixed monthly amount you pay towards your home loan.
EMI = Principal + Interest"
41,Can I prepay my home loan?,Yes. Prepaying your loan can reduce both the interest burden and the repayment period.
42,Does a low credit score affect loan approval?,"Yes, Low credit score can reduce the chances for your loan approval and also result in higher interest rates. Maintaining a credit score makes your chances higher to get loan approval."
43,Can NRIs apply for home loans?,"Yes, NRIs can also apply for loans in India by submitting valid identit, income employment and property documents."
44,Why is RERA registration important?,"RERA registration helps buyer to  verify important details of project like 
1. Builder Information 
2. Legal Approvals"
45,How can I verify a RERA-approved project?,You can visit the official RERA website and search project name or RERA registration number.
46,What is a Sale Deed?,It's a legal document that transfers property ownership from seller to buyer and after payment is completed.
47,What is an Occupancy Certificate (OC)?,"It's a certificate that confirms that the building complies with approved plans and is fit for occupation, as it's issued by local authority. 

OC Confirms 
Building is complete
Safety 
Approved by authority"
48,What is a Completion Certificate (CC)?,"Completion certificate is issued by local authority after completion of project, declare that it has been made applicable regulations."
49,What legal documents should I verify?,"Verify the following documents before purchasing any property.
RERA Registration
Sale Deed 
Title Deed
Approved Building Plan 
Occupancy Certificate
Completion Certificate"
50,What is an Encumbrance Certificate?,"Encumbrance certificate is a document that confirms that property has any legal or financial liabilities such as loans, and claims during that specific time period. 

EC helps in verifying 
Property loan status 
Legal ownership 
Pending claims"
51,How does property registration work?,"Registration of property legally transfers ownership to buyer after verification of documents, stamp duty of payment, registration and execution of sale deed. 

Agreement 
Document Verification
Stamp Duty Payment
Sale Deed Registration
Ownership Transfer"
52,Can FiveX Growth Realty help with legal verification?,"Yes, FiveX Growth Realty can help buyers in verifying RERA registration, Project approvals, Builder credentials, Legal documents, and also property details for making informed decisions. 
FiveX Growth Realty Can Help You Verify
RERA Registration
Builder Reputation
Legal Documents
Project Approvals
Property Comparison"
53,What is the carpet area?,"Carpet area is the most usable area inside the apartment, Including internal walls. It also excludes external walls, balconies, terrace, corridors and other most common areas."
54,What is the built-up area?,"Build up area combines carpet area, wall thickness, personal balconies and terraces (if applicable) It shows the full construction area of an individual apartment."
55,What is a super built-up area?,"Super built-up area combines built-up area and proportionate share of common areas like corridors, lift lobby, staircases, clubhouse and other shared amenities."
56,What is loading in real estate?,Loading in real estate refers to the area between carpet and super built up area. It shows the percentage of common areas.
57,What is Floor Area Ratio (FAR)?,It's the ratio of total constructed floor area to plot area. It declares the maximum construction area on a piece of land.
58,What is the possession date?,Its the final official date when the builder hands over the building to the buyer after having required approvals and occupancy certificate.
59,What is a freehold property?,"A freehold property offers:
Complete ownership of the property
Ownership of the land (or proportionate land share in apartments)
Freedom to sell, transfer, inherit, or mortgage the property"
60,What is a leasehold property?,"Leasehold property is when ownership is given to the buyer for a fixed period of time, Meanwhile land ownership remains with the original landowner."
61,What is the circle rate?,Its a minimum property value fixed by the state government for property registration. Registration charges and stamp duty is calculated on the basis of this value.
62,What is BSP (Basic Sale Price)?,"BSP is the basic price of a property calculated per square foot. It generally excludes:
GST
PLC (Preferential Location Charges)
Parking charges
Club membership
Registration charges
Stamp duty"
63,Why is Vastu important?,"Yes, Vastu helps to maintain a balanced positive living environment by aligning home with natural elements. Most homebuyers prefer homes built with vastu."
64,Which direction is best for the main entrance?,"As per vastu north, east or northeast facing entrances are considered favorable, as they are believed to invite positive energy."
65,Which direction should the kitchen face?,southwest corner is ideal for kitchen as it represents fire elements another northwest is direction is considered as suitable option.
66,Which bedroom should be the master bedroom?,"The southwest corner is recommended for the master bedroom. It is believed to provide stability, better relationships, restful sleep, and a sense of security for homeowners."
67,Is a north-facing flat good?,"Yes, north-facing flats are considered auspicious in Vastu. They are believed to attract financial growth, positive energy, and are often preferred by homebuyers and investors."
68,Is an east-facing flat lucky?,"yes, as per vastu eastwest direction is considered as lucky because it receives morning sunlight. They are directly aligned with positive, good health and fresh energy and direct sunlight."
69,Should I avoid south-facing properties?,"Not compulsory, as south facing property can make a vastu complement when structured properly."
70,What Vastu defects should buyers avoid?,Avoid buying a home with the same facing of kitchen and toilet or main entrance will be in an unfavourable location as per vastu concerns.
71,Does Vastu affect resale value?,"yes, in India vastu affects the resale value because it is the main focus point for indian buyers."
72,Should I consider Vastu before buying?,"Yes, you should observe vastu points for positive energy. Also evaluate location, construction quality and amenities before making a final decision"
73,How much budget should I have?,"your budget depends on your income and loan eligibility. Keep advanced funds ready for down payment, taxes and other home buying expense."
74,Which configuration is best for first-time buyers?,"2 bhk flat is ideal for small families and individuals, meanwhile 3 bhk flat is for future needs and better long term value."
75,Should I buy a 2 BHK or 3 BHK?,As per low budget go for 2 bhk and if require extra large space opt for 3bhk.
76,Which sectors are best for first-time buyers?,"Before investing do a deep research for good connectivity, schools, hospitals and future infrastructure developments."
77,Should I buy near the metro?,"Yes, For excellent connectivity purchasing home  near to metro station is easy to commute and higher resale demand for first time buyers."
78,How do I compare different builders?,"Comparison of builders is based on their reputation, completed projects, construction quality and RERA registration, customer reviews and delivery timelines before making a final decision."
79,What hidden costs should I know?,"Apart from property price, do check registration charges, GST, Maintenance fees and other additional fees."
80,How can I negotiate the property price?,"Research the market prices, compare similar projects, observe their pricing plans and additional discounts. Negotiation during pre launch provides better value."
81,How can FiveX Growth Realty help first-time buyers?,"FiveX Growth Realty helps buyers to compare similar projects, arrange site visit and also assist with home loans."
82,Which are the best residential sectors in Noida?,"Best residential sectors in Noida includes sector 150, Noida 137 and Noida 78. They offer updated amenities, excellent connectivity and also strong investment potential."
83,Which sectors are close to IT hubs?,"These sectors are close to IT hubs: 
Noida sector 62 
Noida sector 63 
Noida sector 137 
Noida sector 143"
84,Which sectors are best for luxury apartments?,"For luxury apartments these sectors are best: 
Sector 150 
Sector 94 
Sector 128"
85,Which sectors are best for affordable housing?,"For affordable housing these sectors are most preferred choice:
Sector 73 
Sector 74
Sector 143"
86,Is Noida Expressway a good location?,"Noida expressway offers excellent road connectivity, Near to IT hubs, reputed schools, and hospitals."
87,Is Noida Extension a good place to buy?,"Yes, Noida extension is a popular choice for budget friendly homes, improving infrastructure, and metro connectivity."
88,Which sectors have the best metro connectivity?,"Below mention sectors have best metro connectivity:
Sector 15
Sector 16
Sector 18
Sector 59 
Sector 62"
89,Which sectors are best for rental income?,"Sectors 62, 137, 142, 143, and 150 are popular for rental income due to nearby IT companies, educational institutions, and excellent transport connectivity."
90,Which sectors have the highest appreciation?,"Noida sector 150, noida expressway sectors and noida extension have strong appreciations due to commercial growth and increase in housing demand."
91,How do I choose a reliable builder?,"Choose a builder with strong track record, RERA registered projects, delivery on time, quality construction, and also transparent pricing and documentation."
92,Which builders are trusted in Noida?,"Many trusted builders are in Noida like Godrej properties, ATS, Tata Housing and known for high quality construction."
93,What should I check before booking a project?,"Check RERA registration, legal approvals, project locations and payment plans before final booking."
94,How can I verify the builder's reputation?,On the basis of complete project’s customer reviews and delivery history can give you clarity for builder reputation.
95,What are the signs of a quality construction project?,"he signs of quality construction project are: 
Thoughtful layouts
Proper ventilation 
Safety measures
Branded fittings"
96,Should I buy from a new or established builder?,It depends on the priority list as new builders provide competitive prices while established builders have a track record of quality and timely delivery.
97,How do I compare two residential projects?,"ompare 2 residential project on basis of given points 
Floor plans 
Builder reputation
Connectivity possession
Maintenance costs"
98,Which amenities should I prioritize?,"Buyer should prioritize power backup, parking, clubhouse and also children’s play areas for daily essentials."
99,How important is project location?,"Project location is the most important factor. It also affects daily convenience, connectivity,  and lifestyle."
100,How does FiveX Growth Realty evaluate projects?,"FiveX Growth Realty evaluates projects on the basis of builder credibility, RERA status, location and also connectivity."
101,What is the difference between Noida and Greater Noida?,"Noida: more developed with commercial hubs 
Greater Noida: offers larger townships, affordable housing and strong future infrastructure growth."
102,Is real estate better than investing in stocks?,"Both are beneficial as real estate offers stable long term growth and rental income, while stock provides high liquidity."
103,How do property prices increase over time?,"Property prices generally rise due to upcoming infrastructure, improved connectivity, growth in demand and better amenities in the surrounding area."
104,What factors affect property prices?,"Factors that are affecting property prices are:
Locations 
Project amenities
Market demand 
Government policies"
105,5. Is buying property safer than renting?,"Buying a property is a long term thought, while renting offers flexibility. Better option depends on your priorities."
106,How do I calculate property ROI?,ROI is calculated by comparing total investment with property appreciation. A higher return shows more profitable real estate investment.
107,What is rental yield?,"Its an annual rental income earned from property, it helps in getting clarity in investment performance."
108,Can NRIs invest in Noida real estate?,"Yes, NRIs are free to invest in residential and commercial properties, While keeping in mind rules of RBI and FEMA."
109,What are the latest real estate trends in Noida?,"Current trends come under demand for premium homes, smart homes, and sustainable development."
110,How can I stay updated with new property launches?,"For staying updated with new launches, follow real estate portals, RERA updates and consulting advisors like FiveX Growth Realty for latest project launches."
